https://community.fandom.com/zh/wiki/Special:AllPages?namespace=2001,,,,,
,,,版块帖子:<版塊名稱>/@comment-<帳號id/IP位址>-<年月日時間>,,
,,,,,
date,title,id,page,upvote,remarks
2013-04-23T13:21:25,请大家光临小站,2394,版块帖子:常规讨论/@comment-4153291-20130423132125,FALSE,
2013-04-24T13:21:59,创建[[互联网]]词条,2403,版块帖子:技术讨论/@comment-4153291-20130424132159,FALSE,
2013-05-02T00:34:31,一点建议,2409,版块帖子:常规讨论/@comment-4153291-20130502003431,FALSE,
2013-09-11T00:34:03,大家喜欢iPad上的弹性布局界面吗？？,2663,版块帖子:“达尔文”项目讨论/@comment-11909873-20130911003403,Sango 珊瑚,
2013-09-14T00:04:48,快来宣传您的中文维基吧！,2664,版块帖子:常规讨论/@comment-11909873-20130914000448,User670839245,
2013-09-16T15:32:41,测试是否能够发帖……,2669,版块帖子:常规讨论/@comment-7599283-20130916153241,FALSE,
2013-09-16T15:47:43,这个Wikia上有没有什么全Wikia通行的行为/道德指引？,2670,版块帖子:常规讨论/@comment-7599283-20130916154743,FALSE,
2013-09-16T20:40:06,1个问题+1个请求……,2678,版块帖子:常规讨论/@comment-7599283-20130916204006,FALSE,
2013-09-17T19:07:04,“成就”功能,2691,版块帖子:常规讨论/@comment-7599283-20130917190704,FALSE,
2013-09-17T20:15:03,Chen，我在发送Tickets的时候把好几个Tickets弄混了，能不能把下面的内容再转述给管理员？,2692,版块帖子:常规讨论/@comment-7599283-20130917201503,FALSE,
2013-09-18T18:26:00,权限错误：我无法编辑这个页面！,2705,版块帖子:“达尔文”项目讨论/@comment-7599283-20130918182600,FALSE,
2013-09-20T08:12:44,为什么我无法 开始一个维基,2710,版块帖子:常规讨论/@comment-21508143-20130920081244,FALSE,
2013-09-21T10:44:26,请标记维基为待认领,2726,版块帖子:常规讨论/@comment-7599283-20130921104426,FALSE,
2013-09-22T17:36:49,主页上有误导性内容,2744,版块帖子:常规讨论/@comment-7599283-20130922173649,FALSE,
2013-09-23T23:05:35,建议将Momobook模板作为默认主页,2749,版块帖子:常规讨论/@comment-4153291-20130923230535,FALSE,
2013-09-26T18:36:36,"Chen,你保护首页日志里的“连锁”是什么意思？？",2760,版块帖子:常规讨论/@comment-7599283-20130926183636,FALSE,
2013-10-02T19:46:15,技术问题,2794,版块帖子:技术讨论/@comment-7599283-20131002194615,FALSE,
2013-10-03T13:08:09,如何創建論壇？,2802,版块帖子:技术讨论/@comment-3330098-20131003130809,FALSE,
2013-10-05T20:44:50,…………顶部导航栏里有指向空文章的链接,2818,版块帖子:常规讨论/@comment-7599283-20131005204450,FALSE,
2013-10-09T21:48:41,赶快领养你希望管理的维基吧！,2853,版块帖子:常规讨论/@comment-11909873-20131009214841,FALSE,
2013-10-11T04:34:40,介面,2863,版块帖子:技术讨论/@comment-2165127-20131011043440,FALSE,
2013-10-12T09:36:24,Mediawiki“过时”版本？？,2884,版块帖子:常规讨论/@comment-7599283-20131012093624,FALSE,
2013-10-13T06:20:54,招募：有人想来一起维护英雄联盟维基嘛？,2916,版块帖子:常规讨论/@comment-3413318-20131013062054,FALSE,
2013-10-14T18:58:12,我要领养一个维基……,2950,版块帖子:常规讨论/@comment-7599283-20131014185812,FALSE,
2013-10-15T00:58:40,“视效编辑”的反馈请留在这里吧～ ：）,2986,版块帖子:技术讨论/@comment-11909873-20131015005840,FALSE,
2013-10-16T18:46:29,第N次看到这个消息了，维基媒体基金会缺钱了吧？,3073,版块帖子:常规讨论/@comment-7599283-20131016184629,FALSE,
2013-10-17T00:14:58,维基QQ群建立：254794102,3084,版块帖子:常规讨论/@comment-11909873-20131017001458,FALSE,
2013-10-18T15:52:15,Wikia的邮件系统有了点问题……,3117,版块帖子:常规讨论/@comment-7599283-20131018155215,FALSE,
2013-10-18T21:50:00,Chen，和IT部门反馈一下吧……,3128,版块帖子:常规讨论/@comment-7599283-20131018215000,FALSE,
2013-10-18T22:32:24,MediaWiki:Community-corner 是干什么用的？？,3130,版块帖子:常规讨论/@comment-7599283-20131018223224,FALSE,
2013-10-21T11:23:42,請問該如何更改維基類別？,3174,版块帖子:技术讨论/@comment-113574-20131021112342,FALSE,
2013-10-22T19:24:32,……我无语了,3211,版块帖子:维基领养专区/@comment-7599283-20131022192432,Verysad,
2013-10-22T20:06:00,我可能维基（Wikia）中毒了……,3213,版块帖子:常规讨论/@comment-7599283-20131022200600,FALSE,
2013-10-22T21:17:59,维基领养第二弹,3221,版块帖子:维基领养专区/@comment-11909873-20131022211759,FALSE,
2013-10-22T23:57:08,赶快在这里收养或者丢弃维基吧,3223,版块帖子:维基领养专区/@comment-11909873-20131022235708,航海小子,
2013-10-26T20:18:34,能提点和Mediawiki编辑无关的Javascript问题吗？,3256,版块帖子:高级编辑讨论/@comment-7599283-20131026201834,FALSE,
2013-10-28T20:27:17,维基11月1-15日登陆Spotlight的中文维基,3273,版块帖子:领养和提升维基/@comment-11909873-20131028202717,FALSE,
2013-10-28T22:06:30,又加了9字节…………,3274,版块帖子:领养和提升维基/@comment-7599283-20131028220630,FALSE,
2013-10-29T05:17:27,「緊急」關於wikia系統維護通告(20131029這次),3280,版块帖子:常规讨论/@comment-11120980-20131029051727,FALSE,
2013-10-31T12:40:52,手機能編輯wikia嗎？,3343,版块帖子:常规讨论/@comment-11120980-20131031124052,FALSE,
2013-11-01T18:14:36,...wikia譯成维基？,3372,版块帖子:常规讨论/@comment-26391060-20131101181436,FALSE,
2013-11-07T14:40:26,如何調整標題預設背板的長度,3430,版块帖子:高级编辑讨论/@comment-11120980-20131107144026,FALSE,
2013-11-08T06:59:13,有问题请大家在线发送信息,3445,版块帖子:常规讨论/@comment-11909873-20131108065913,"Sango 珊瑚, Lixiaohonggg, Rogerdd",
2013-11-11T23:04:46,同学们在编辑维基主页时千万不要阻挡广告位置啊...,3475,版块帖子:常规讨论/@comment-11909873-20131111230446,FALSE,
2013-11-11T23:05:52,为什么维基下面的联系我们总是连接到Zh.community的Special:Contact……,3476,版块帖子:常规讨论/@comment-7599283-20131111230552,FALSE,
2013-11-14T02:01:58,维基11/16-11/30登陆“聚光灯”的中文维基,3498,版块帖子:领养和提升维基/@comment-11909873-20131114020158,FALSE,
2013-11-17T12:54:53,Wikia 怎麼了？,3565,版块帖子:常规讨论/@comment-113574-20131117125453,FALSE,
2013-11-18T00:25:13,刚刚在谷歌上发现了一个编辑技巧……,3567,版块帖子:常规讨论/@comment-7599283-20131118002513,GeniusKiKi,
2013-11-18T22:47:14,时刻准备着，为“弹性界面”而战(一),3572,版块帖子:维基最新功能/@comment-11909873-20131118224714,FALSE,
2013-11-18T23:00:28,时刻准备着，为“弹性界面”而战（二）,3573,版块帖子:维基最新功能/@comment-11909873-20131118230028,FALSE,
2013-11-19T00:53:23,“弹性界面”和定制化CSS,3576,版块帖子:维基最新功能/@comment-11909873-20131119005323,FALSE,
2013-11-21T04:20:29,在建立了一个新的wiki后，一开始所设定的wiki名称还可以改变吗？,3598,版块帖子:常规讨论/@comment-24163423-20131121042029,FALSE,
2013-11-23T23:11:38,統計資訊不會即時更新,3635,版块帖子:常规讨论/@comment-113574-20131123231138,FALSE,
2013-11-26T19:59:28,维基（中文）招收VSTF和IVT新成员啦！,3685,版块帖子:常规讨论/@comment-11909873-20131126195928,"Iambenzhk, Lixiaohonggg, Sango 珊瑚",
2013-11-27T22:41:25,通告！,3709,版块帖子:常规讨论/@comment-11909873-20131127224125,FALSE,
2013-12-04T21:38:33,“弹性界面”版面尺寸简图,3797,版块帖子:维基最新功能/@comment-11909873-20131204213833,FALSE,
2013-12-07T09:45:12,"""视效编辑""开始测试启用",3852,版块帖子:维基最新功能/@comment-11909873-20131207094512,FALSE,
2013-12-09T22:25:13,12月登陆“聚光灯”的中文维基,3890,版块帖子:领养和提升维基/@comment-11909873-20131209222513,FALSE,
2013-12-10T09:56:58,有没有什么参数，能得到弹性界面的界面宽度？,3893,版块帖子:高级编辑讨论/@comment-6968533-20131210095658,FALSE,
2013-12-16T23:32:31,适应“弹性界面”编辑的几个小技巧,3953,版块帖子:维基最新功能/@comment-11909873-20131216233231,FALSE,
2013-12-17T00:57:09,模板的作用？,3954,版块帖子:常规讨论/@comment-113574-20131217005709,FALSE,
2013-12-26T04:42:27,维基网圣诞节期间休假通知,4057,版块帖子:常规讨论/@comment-11909873-20131226044227,FALSE,
2014-01-02T23:41:59,维基定制化原则,4114,版块帖子:高级编辑讨论/@comment-11909873-20140102234159,猫头鹰先生,
2014-01-07T00:22:46,本周（2014.1.6）即将更新的几个功能,4225,版块帖子:维基最新功能/@comment-11909873-20140107002246,猫头鹰先生,
2014-01-08T20:31:42,2014.1月登陆“聚光灯”的中文维基,4264,版块帖子:领养和提升维基/@comment-11909873-20140108203142,FALSE,
2014-01-09T07:55:44,维基2013影像大比拼！！,4281,版块帖子:常规讨论/@comment-11909873-20140109075544,FALSE,
2014-01-15T20:04:01,人类已经不能阻止维基的建立了,4400,版块帖子:常规讨论/@comment-11909873-20140115200401,"AgentGreen2000, Cal-Boy",
2014-01-20T11:36:10,問題,4530,版块帖子:常规讨论/@comment-119.247.12.52-20140120113610,FALSE,
2014-01-23T00:59:07,有關將日文著名遊戲pad的wiki合併的討論,4577,版块帖子:常规讨论/@comment-11120980-20140123005907,FALSE,
2014-01-23T11:44:42,唉...,4582,版块帖子:常规讨论/@comment-24265874-20140123114442,FALSE,
2014-01-23T23:36:23,"社区中心将会开设Wikia University, Office Hour和Talk Time",4595,版块帖子:常规讨论/@comment-11909873-20140123233623,Cal-Boy,
2014-01-24T10:18:58,更改用戶名方法,4601,版块帖子:常规讨论/@comment-5583578-20140124101858,FALSE,
2014-01-28T05:35:07,主题什么的就让他留空吧,4690,版块帖子:领养和提升维基/@comment-6968533-20140128053507,FALSE,
2014-02-07T12:08:28,「欢迎新贡献者」？,4882,版块帖子:常规讨论/@comment-113574-20140207120828,FALSE,
2014-02-07T22:15:07,Wikia中文将重新开通“问答维基”！开始招收管理员啦！,4894,版块帖子:领养和提升维基/@comment-11909873-20140207221507,Cal-Boy,
2014-02-07T23:04:56,“维基课堂”板块下周即将开通！,4895,版块帖子:常规讨论/@comment-11909873-20140207230456,Ffaarr,
2014-02-09T08:45:12,提议,4920,版块帖子:常规讨论/@comment-24265874-20140209084512,FALSE,
2014-02-09T13:59:11,建立痛擊英雄中文維基,4923,版块帖子:常规讨论/@comment-15095363-20140209135911,"Cal-Boy, Ffaarr",
2014-02-15T01:26:04,頁面標題想要使用 [ 符號有解嗎？,4993,版块帖子:高级编辑讨论/@comment-113574-20140215012604,FALSE,
2014-02-20T04:33:49,手工字体转换是如何设置？,5078,版块帖子:高级编辑讨论/@comment-3229139-20140220043349,FALSE,
2014-03-04T19:29:27,维基办公时间首次上线！,5240,版块帖子:常规讨论/@comment-11909873-20140304192927,"Wasami007, Loco0422, Ffaarr",
2014-04-04T22:47:02,维基可以插入Youku视频啦！,5503,版块帖子:维基最新功能/@comment-11909873-20140404224702,Ffaarr,
2014-04-09T14:36:11,Wikia中文社區的facebook粉絲團成立了,5524,版块帖子:常规讨论/@comment-56584-20140409143611,Cal-Boy,
2014-04-11T00:45:43,跨語言鏈接已可以在中文社區中心申請,5553,版块帖子:常规讨论/@comment-56584-20140411004543,FALSE,
2014-04-14T14:53:09,Message from Pgain2004,5563,版块帖子:高级编辑讨论/@comment-24261831-20140414145309,FALSE,
2014-05-08T11:58:13,5月10日（六）晚上9點-10點是第三次維基辦公時間！,5692,版块帖子:常规讨论/@comment-56584-20140508115813,FALSE,
2014-05-13T13:46:20,wikia怎么删除一个页面？,5707,版块帖子:常规讨论/@comment-14640626-20140513134620,FALSE,
2014-05-20T03:53:42,論壇搜尋及固定連結怪怪的,5766,版块帖子:常规讨论/@comment-24653553-20140520035342,FALSE,
2014-05-23T06:54:24,主張合理使用應引用哪一國的法條？,5787,版块帖子:常规讨论/@comment-24653553-20140523065424,FALSE,
2014-06-03T13:47:29,轉語言,5882,版块帖子:领养和提升维基/@comment-24969957-20140603134729,FALSE,
2014-06-25T21:56:12,达尔文项目结束,6090,版块帖子:维基最新功能/@comment-11909873-20140625215612,"Yatalu, Ffaarr",
2014-06-28T00:51:28,請問怎麼給一個頁面增加一個目錄？,6095,版块帖子:高级编辑讨论/@comment-22204236-20140628005128,FALSE,
2014-07-09T13:28:17,一个晚上的成果。,6206,版块帖子:常规讨论/@comment-7829230-20140709132817,Ffaarr,
2014-07-19T10:36:45,请教一些问题,6312,版块帖子:常规讨论/@comment-24831978-20140719103645,FALSE,
2014-07-20T04:43:12,Mediawiki内建的简繁转换表用在转换多语言名词上是否被接受？,6319,版块帖子:高级编辑讨论/@comment-7248286-20140720044312,FALSE,
2014-07-23T08:58:07,地圖功能太棒了,6463,版块帖子:维基最新功能/@comment-113574-20140723085807,"Cal-Boy, Ffaarr",
2014-07-27T11:37:24,什么时候可以把这里翻译成中文,6511,版块帖子:维基最新功能/@comment-4812180-20140727113724,FALSE,
2014-08-01T08:04:28,Navbox的問題,6591,版块帖子:常规讨论/@comment-24238405-20140801080428,FALSE,
2014-08-02T09:02:03,「創造一個新頁面」,6601,版块帖子:维基最新功能/@comment-113574-20140802090203,FALSE,
2014-08-02T23:56:43,关于导航栏文字显示的问题,6607,版块帖子:常规讨论/@comment-35486883-20140802235643,FALSE,
2014-08-09T13:46:35,請問如何在自己建立的wiki上加入CSS樣式,6681,版块帖子:高级编辑讨论/@comment-25255681-20140809134635,FALSE,
2014-08-13T16:12:50,Wikia有没有什么给用户的奖励机制呢？,6724,版块帖子:常规讨论/@comment-4812180-20140813161250,FALSE,
2014-08-18T21:42:16,从零开始——建立一个维基必须要思考的几个问题,6752,版块帖子:常规讨论/@comment-11909873-20140818214216,FALSE,
2014-08-26T12:10:14,特别功能,6805,版块帖子:高级编辑讨论/@comment-24238405-20140826121014,FALSE,
2014-08-28T02:17:42,制作社交网站预览框,6833,版块帖子:高级编辑讨论/@comment-24238405-20140828021742,FALSE,
2014-09-04T08:49:17,網頁版和GameGuides版的自動轉成頁面(Template),6882,版块帖子:高级编辑讨论/@comment-25057323-20140904084917,FALSE,
2014-09-16T16:03:07,请问怎么用Array扩展,6978,版块帖子:高级编辑讨论/@comment-25350340-20140916160307,FALSE,
2014-09-30T23:46:42,请教一下CSS方面的问题……,7077,版块帖子:高级编辑讨论/@comment-22204236-20140930234642,FALSE,
2014-10-07T13:02:50,表格的使用实在是让人头疼，储存格分割总会出现错位。,7136,版块帖子:常规讨论/@comment-24042382-20141007130250,FALSE,
2014-10-08T15:57:45,关于地图功能的编辑,7147,版块帖子:维基最新功能/@comment-4395337-20141008155745,FALSE,
2014-10-29T13:08:46,搬家到wikia (並非正常情況),7327,版块帖子:常规讨论/@comment-24262101-20141029130846,FALSE,
2014-11-03T16:21:06,地圖標注貌似延遲嚴重,7393,版块帖子:常规讨论/@comment-25510876-20141103162106,FALSE,
2014-11-05T05:26:57,【閒聊】關於本維基的地圖……,7413,版块帖子:常规讨论/@comment-22204236-20141105052657,FALSE,
2014-11-08T17:34:49,臉書連結Cookies存活時間,7492,版块帖子:常规讨论/@comment-25510876-20141108173449,FALSE,
2014-11-10T11:57:43,世界大典申請聚光燈,7513,版块帖子:领养和提升维基/@comment-423076-20141110115743,FALSE,
2014-11-13T00:51:53,通知！Wikia今日将对系统进行维护！,7530,版块帖子:常规讨论/@comment-11909873-20141113005153,FALSE,
2014-11-14T04:57:19,PSO2 Wiki申请聚光灯,7540,版块帖子:领养和提升维基/@comment-7248286-20141114045719,FALSE,
2014-11-16T15:21:55,怎麼不是倒數的……,7585,版块帖子:常规讨论/@comment-25510876-20141116152155,FALSE,
2014-11-17T09:55:22,11月15日第十二次維基辦公時間記要,7593,版块帖子:常规讨论/@comment-25510876-20141117095522,FALSE,
2014-11-20T03:22:56,Special:Contact 內容連結,7623,版块帖子:常规讨论/@comment-25057323-20141120032256,FALSE,
2014-11-24T20:45:18,Wikia似乎不支援中文用詞轉換？,7651,版块帖子:常规讨论/@comment-25510876-20141124204518,FALSE,
2014-11-28T17:03:19,Special:最近更改 放置多語言標籤好像不太對吧……,7681,版块帖子:常规讨论/@comment-25510876-20141128170319,FALSE,
2014-11-30T15:03:24,最近503错误有点多啊,7688,版块帖子:常规讨论/@comment-4812180-20141130150324,FALSE,
2014-12-02T15:20:05,导航条有个建议（意见）,7711,版块帖子:常规讨论/@comment-7248286-20141202152005,FALSE,
2014-12-06T18:00:29,12月6日第十三次維基辦公時間記要,7784,版块帖子:常规讨论/@comment-25510876-20141206180029,FALSE,
2014-12-09T15:38:36,LUA模板真的有用？,7809,版块帖子:维基最新功能/@comment-5940828-20141209153836,FALSE,
2014-12-17T10:44:45,中文维基已不用视效编辑器了吗？,7874,版块帖子:常规讨论/@comment-4812180-20141217104445,FALSE,
2014-12-26T04:03:34,最近一段时间中国大陆对wikia的访问遭到了严重干扰,7937,版块帖子:常规讨论/@comment-4812180-20141226040334,FALSE,
2014-12-27T14:35:01,關於上傳Avatar的限制?,7950,版块帖子:常规讨论/@comment-25692653-20141227143501,FALSE,
2015-01-03T11:41:16,香港巴士……,7982,版块帖子:常规讨论/@comment-25510876-20150103114116,FALSE,
2015-01-07T21:55:43,Reasno教你如何将维基更新同步到微博、twitter等社交网站,8015,版块帖子:高级编辑讨论/@comment-11909873-20150107215543,FALSE,
2015-01-11T14:24:39,VE引用問題,8037,版块帖子:高级编辑讨论/@comment-25510876-20150111142439,FALSE,
2015-01-13T02:23:55,關於介面語言的繁體中文,8049,版块帖子:常规讨论/@comment-25993640-20150113022355,FALSE,
2015-01-15T02:17:37,為什麼有些wikia沒有導航列？,8066,版块帖子:高级编辑讨论/@comment-25684151-20150115021737,FALSE,
2015-01-15T08:32:49,部分AD把导航条给挡了……,8071,版块帖子:常规讨论/@comment-7248286-20150115083249,FALSE,
2015-01-21T23:52:08,大家是否希望中文社区能够有一个每周的技术更新博客呢？,8114,版块帖子:常规讨论/@comment-11909873-20150121235208,Ffaarr,
2015-01-23T19:06:11,VPN服务被大陆新一轮的网络审查系统升级所影响,8149,版块帖子:常规讨论/@comment-11909873-20150123190611,FALSE,
2015-01-24T14:31:42,有没有类似图片热点的功能？,8159,版块帖子:高级编辑讨论/@comment-7248286-20150124143142,FALSE,
2015-01-28T02:35:27,社区中心迎接农历新年～,8208,版块帖子:常规讨论/@comment-11909873-20150128023527,FALSE,
2015-01-28T11:37:58,我不能注册账户，验证码不加载,8242,版块帖子:常规讨论/@comment-113.238.158.237-20150128113758,FALSE,
2015-02-03T04:59:25,导航栏和logo能实现简繁转换吗？,8304,版块帖子:常规讨论/@comment-124.94.38.20-20150203045925,FALSE,
2015-02-09T00:18:07,2月17日第十六次維基辦公時間,8414,版块帖子:常规讨论/@comment-25510876-20150209001807,FALSE,
2015-02-12T04:27:56,如何讓簽名引用的模版不subst呢？,8434,版块帖子:高级编辑讨论/@comment-25510876-20150212042756,FALSE,
2015-02-16T03:30:16,建議,8451,版块帖子:常规讨论/@comment-24238405-20150216033016,FALSE,
2015-02-18T21:04:10,伪基游戏申请聚光灯,8467,版块帖子:领养和提升维基/@comment-7393654-20150218210410,FALSE,
2015-02-24T11:51:55,为什么我无法创建社区，第一部填完后无法进入下一步？,8489,版块帖子:常规讨论/@comment-26138688-20150224115155,FALSE,
2015-02-27T03:29:13,無故嵌入當前頁面的歷史紀錄連結,8515,版块帖子:常规讨论/@comment-25057323-20150227032913,FALSE,
2015-03-07T03:58:33,Crusaders Quest 中文維基 申请聚光灯,8563,版块帖子:领养和提升维基/@comment-25057323-20150307035833,FALSE,
2015-03-13T11:34:53,請教一下 cc-by-sa 授權問題,8604,版块帖子:常规讨论/@comment-25999479-20150313113453,FALSE,
2015-03-15T21:04:04,全域JS,8617,版块帖子:常规讨论/@comment-25510876-20150315210404,FALSE,
2015-03-17T11:50:21,如何建立一個消歧義頁並讓系統偵測到？,8632,版块帖子:常规讨论/@comment-25684151-20150317115021,FALSE,
2015-03-21T04:20:08,手機化介面(純討論},8655,版块帖子:高级编辑讨论/@comment-25057323-20150321042008,FALSE,
2015-03-21T14:01:26,minecraft,8662,版块帖子:高级编辑讨论/@comment-26181851-20150321140126,FALSE,
2015-03-21T14:52:36,关于手机页面的问题,8666,版块帖子:高级编辑讨论/@comment-26003494-20150321145236,FALSE,
2015-03-24T12:33:01,软件制作,8681,版块帖子:常规讨论/@comment-26239777-20150324123301,FALSE,
2015-03-25T06:40:38,软件设计,8691,版块帖子:常规讨论/@comment-58.57.79.238-20150325064038,FALSE,
2015-03-26T21:40:50,字體,8706,版块帖子:常规讨论/@comment-25510876-20150326214050,FALSE,
2015-03-27T09:44:17,博客列表的自訂格式(求不記名方法),8711,版块帖子:高级编辑讨论/@comment-25057323-20150327094417,FALSE,
2015-03-30T17:21:59,劣拙翻譯,8732,版块帖子:常规讨论/@comment-25510876-20150330172159,FALSE,
2015-04-03T23:36:24,我的维基叫“上海巴士百科”不叫“上海巴士大典”！生活分类里活跃排行搞错了！,8742,版块帖子:常规讨论/@comment-58.34.89.50-20150403233624,FALSE,
2015-04-06T14:42:07,VE編輯BUG,8758,版块帖子:维基最新功能/@comment-25510876-20150406144207,FALSE,
2015-04-08T03:45:09,文字交替顯示,8792,版块帖子:高级编辑讨论/@comment-1069190-20150408034509,FALSE,
2015-04-11T17:35:32,"請問如何在繁體網頁中, 讓特定的一些字以簡體顯示?",8835,版块帖子:高级编辑讨论/@comment-848066-20150411173532,FALSE,
2015-04-24T11:16:22,表格位子會亂跑,8914,版块帖子:高级编辑讨论/@comment-848066-20150424111622,FALSE,
2015-04-26T08:23:52,最近日本Wikia搞了一堆調研……,8928,版块帖子:常规讨论/@comment-25510876-20150426082352,FALSE,
2015-04-27T03:16:07,关于未登入用户的权限问题,8939,版块帖子:常规讨论/@comment-25849682-20150427031607,FALSE,
2015-04-27T03:31:46,关于鼠标样式的问题,8940,版块帖子:高级编辑讨论/@comment-25849682-20150427033146,FALSE,
2015-04-28T17:56:35,poweruser用戶組是什麼？,8965,版块帖子:常规讨论/@comment-25510876-20150428175635,FALSE,
2015-04-29T02:02:46,論社區中心方針頁面為什麼會出現一隻喵？,8969,版块帖子:常规讨论/@comment-25510876-20150429020246,FALSE,
2015-04-30T14:47:58,全域訊息（Site wide messaging）建議,9029,版块帖子:常规讨论/@comment-25510876-20150430144758,FALSE,
2015-05-03T06:26:48,CSS、JS编辑器插入点光标错位,9091,版块帖子:常规讨论/@comment-124.94.36.58-20150503062648,FALSE,
2015-05-07T01:34:28,剛領了個Wiki玩……,9139,版块帖子:常规讨论/@comment-25510876-20150507013428,FALSE,
2015-05-07T17:29:41,分類頁圖片展示問題,9149,版块帖子:常规讨论/@comment-25510876-20150507172941,FALSE,
2015-05-08T21:28:21,如何改變{{SITENAME}}？,9161,版块帖子:常规讨论/@comment-25510876-20150508212821,FALSE,
2015-05-08T21:41:12,主頁右邊的廣告真討厭！,9162,版块帖子:常规讨论/@comment-25510876-20150508214112,FALSE,
2015-05-09T00:06:04,单元格上色，行间距,9163,版块帖子:高级编辑讨论/@comment-26381745-20150509000604,FALSE,
2015-05-09T21:48:57,如何展示某分類的最新頁面？,9183,版块帖子:常规讨论/@comment-25510876-20150509214857,FALSE,
2015-05-11T08:55:54,郵件BUG,9200,版块帖子:维基最新功能/@comment-25510876-20150511085554,FALSE,
2015-05-14T08:17:55,通知欄上面的①經常消不掉,9241,版块帖子:常规讨论/@comment-25510876-20150514081755,FALSE,
2015-05-14T18:02:01,有沒有辦法手動選擇想進入的編輯模式？,9246,版块帖子:维基最新功能/@comment-25510876-20150514180201,FALSE,
2015-05-15T14:17:08,偽Bluelink,9259,版块帖子:常规讨论/@comment-25510876-20150515141708,FALSE,
2015-05-16T08:13:28,新建維基自動產生了無效頁面,9269,版块帖子:常规讨论/@comment-25510876-20150516081328,FALSE,
2015-05-18T07:08:27,《求助》 关于维基创建的问题,9307,版块帖子:常规讨论/@comment-26410838-20150518070827,FALSE,
2015-05-19T01:53:03,Chrome 顯示比例,9319,版块帖子:高级编辑讨论/@comment-25057323-20150519015303,FALSE,
2015-05-19T09:22:55,Wikia功能設計討論,9324,版块帖子:常规讨论/@comment-25510876-20150519092255,FALSE,
2015-05-19T11:19:15,改版了？！,9325,版块帖子:常规讨论/@comment-25510876-20150519111915,FALSE,
2015-05-19T12:50:35,wikia預設字體大小、排版變更,9331,版块帖子:常规讨论/@comment-227844-20150519125035,FALSE,
2015-05-21T04:24:07,投票BUG？,9375,版块帖子:常规讨论/@comment-25510876-20150521042407,FALSE,
2015-05-24T01:07:56,有沒有辦法追蹤整個論壇的版面？,9402,版块帖子:常规讨论/@comment-24653553-20150524010756,FALSE,
2015-05-24T13:20:58,冰与火之歌的页面的恶意编辑者修改，还是被黑客攻击了？,9405,版块帖子:常规讨论/@comment-108.61.161.189-20150524132058,FALSE,
2015-05-24T14:45:24,博客列表問題,9407,版块帖子:常规讨论/@comment-25510876-20150524144524,FALSE,
2015-05-25T11:52:53,大家來細數斷點搞砸了的東西……,9418,版块帖子:维基最新功能/@comment-25510876-20150525115253,FALSE,
2015-05-29T06:27:08,关于地图功能的探讨,9445,版块帖子:常规讨论/@comment-4815215-20150529062708,FALSE,
2015-06-03T02:21:18,廣告大小問題,9474,版块帖子:常规讨论/@comment-25057323-20150603022118,FALSE,
2015-06-03T05:04:33,請教表格問題,9476,版块帖子:高级编辑讨论/@comment-25057323-20150603050433,FALSE,
2015-06-10T02:45:16,博客列表的標題(純討論),9507,版块帖子:维基最新功能/@comment-25057323-20150610024516,FALSE,
2015-06-10T08:14:59,tabber bug?,9512,版块帖子:高级编辑讨论/@comment-25057323-20150610081459,FALSE,
2015-06-10T11:39:07,Wikia 站台是否允許自訂授權？,9513,版块帖子:常规讨论/@comment-10365174-20150610113907,FALSE,
2015-06-16T05:20:25,页面标题首字母小写的模板对类别页面无效,9559,版块帖子:常规讨论/@comment-26052180-20150616052025,FALSE,
2015-06-28T15:37:39,有没有办法删除一个维基社区？不是交给别人领养什么的。,9904,版块帖子:常规讨论/@comment-26410838-20150628153739,FALSE,
2015-07-01T13:46:02,如何获取行政员权限？,9913,版块帖子:常规讨论/@comment-24475915-20150701134602,FALSE,
2015-07-02T01:39:00,wikia有世界语版本吗？,9921,版块帖子:常规讨论/@comment-35486883-20150702013900,FALSE,
2015-07-02T08:30:11,關於Wiki改名,9925,版块帖子:常规讨论/@comment-25684151-20150702083011,FALSE,
2015-07-03T04:31:38,簡繁互換之問題,9935,版块帖子:常规讨论/@comment-25057323-20150703043138,FALSE,
2015-07-03T07:36:50,Wiki 的进展 和Special:Top,9936,版块帖子:常规讨论/@comment-25057323-20150703073650,FALSE,
2015-07-04T23:44:19,怎样删除一个因为页面名大小写产生问题的页面？,9957,版块帖子:常规讨论/@comment-35486883-20150704234419,FALSE,
2015-07-07T04:00:19,视效编辑器不能上传SVG图片。,9974,版块帖子:常规讨论/@comment-26052180-20150707040019,FALSE,
2015-07-07T22:06:06,頁面分析,9979,版块帖子:常规讨论/@comment-25510876-20150707220606,FALSE,
2015-07-12T08:11:26,怎样打出诸如10的负10次方这样的数字,9997,版块帖子:常规讨论/@comment-35486883-20150712081126,FALSE,
2015-07-15T19:54:10,文字異常轉換?,10015,版块帖子:常规讨论/@comment-25993640-20150715195410,FALSE,
2015-07-22T21:36:53,关闭匿名编辑功能,10059,版块帖子:维基最新功能/@comment-11909873-20150722213653,"航海小子, 123777tw, Studytogether, Micyeung723",
2015-07-24T15:49:28,如何在自定义工具栏內增加項目?,10097,版块帖子:常规讨论/@comment-3516441-20150724154928,FALSE,
2015-07-27T17:47:17,模板的問題,10127,版块帖子:高级编辑讨论/@comment-1069190-20150727174717,FALSE,
2015-07-29T19:33:48,"MediaWiki:Mobile-full-site 中找不到 ""完整版網頁""",10141,版块帖子:高级编辑讨论/@comment-3516441-20150729193348,FALSE,
2015-08-01T13:23:24,关于CSS字体(font)设定的问题。,10165,版块帖子:高级编辑讨论/@comment-26819171-20150801132324,FALSE,
2015-08-02T13:45:25,摺疊按鈕設計問題,10174,版块帖子:高级编辑讨论/@comment-25510876-20150802134525,FALSE,
2015-08-03T05:26:49,有沒有人的維基也發生了頁面內容遺失的狀況?,10197,版块帖子:常规讨论/@comment-3516441-20150803052649,FALSE,
2015-08-05T05:38:46,一些css及模版的問題,10249,版块帖子:高级编辑讨论/@comment-26856924-20150805053846,FALSE,
2015-08-05T20:31:15,Wikia郵件重複發送?,10261,版块帖子:常规讨论/@comment-25993640-20150805203115,FALSE,
2015-08-06T01:25:33,頂部導航欄與目錄功能不相容,10267,版块帖子:维基最新功能/@comment-25510876-20150806012533,FALSE,
2015-08-07T12:07:35,我要申請中文skyforge的行政員與管理員,10295,版块帖子:领养和提升维基/@comment-25193944-20150807120735,FALSE,
2015-08-08T03:39:59,[bug] svg 縮圖不支援顯示中文,10302,版块帖子:常规讨论/@comment-3516441-20150808033959,FALSE,
2015-08-08T12:34:10,兩個維基動態,10308,版块帖子:常规讨论/@comment-25684151-20150808123410,FALSE,
2015-08-08T13:15:40,成就系統如何自定義成就,10311,版块帖子:常规讨论/@comment-25684151-20150808131540,FALSE,
2015-08-09T06:24:45,摺疊按鈕文字的問題,10315,版块帖子:高级编辑讨论/@comment-1069190-20150809062445,FALSE,
2015-08-10T17:59:05,周末网络安全问题,10336,版块帖子:常规讨论/@comment-11909873-20150810175905,FALSE,
2015-08-12T02:56:11,投票啦！投票啦！,10426,版块帖子:常规讨论/@comment-11909873-20150812025611,FALSE,
2015-08-12T04:25:23,導入模板 出錯,10429,版块帖子:常规讨论/@comment-3516441-20150812042523,FALSE,
2015-08-12T05:54:10,編輯器 開啟時 會讓 內的 [[Category:]] 消失,10433,版块帖子:高级编辑讨论/@comment-3516441-20150812055410,FALSE,
2015-08-14T03:40:25,編輯 “ ” 卻顯示 「 」,10473,版块帖子:高级编辑讨论/@comment-27.246.1.112-20150814034025,FALSE,
2015-08-14T19:39:15,8月14日网络安全问题进展通报,10501,版块帖子:常规讨论/@comment-11909873-20150814193915,Verysad,
2015-08-15T05:25:09,MediaWiki:Wiki-navigation 判斷錯誤,10505,版块帖子:常规讨论/@comment-3516441-20150815052509,FALSE,
2015-08-18T21:41:10,波可龍迷宮 中文維基 申請聚光燈,10575,版块帖子:领养和提升维基/@comment-26506614-20150818214110,FALSE,
2015-08-20T23:00:37,问题页面列表的新內容,10604,版块帖子:维基最新功能/@comment-25510876-20150820230037,FALSE,
2015-08-21T09:48:52,三国志PUZZLE大战 中文維基 申请聚光灯,10610,版块帖子:领养和提升维基/@comment-25339005-20150821094852,FALSE,
2015-08-22T00:23:47,如何才能刷新分類圖片展示的緩存呢？,10621,版块帖子:常规讨论/@comment-25510876-20150822002347,FALSE,
2015-08-22T02:44:02,維基任務,10628,版块帖子:常规讨论/@comment-25510876-20150822024402,FALSE,
2015-08-24T00:59:23,不知道該怎說 連創以 js 結尾的頁面都被封鎖,10642,版块帖子:常规讨论/@comment-3516441-20150824005923,FALSE,
2015-08-27T18:36:48,在 css 中 Project:Style/Aigis.css 沒有正確對應,10678,版块帖子:常规讨论/@comment-3516441-20150827183648,FALSE,
2015-08-30T12:45:57,讓導航欄的簡體字轉為繁體,10691,版块帖子:高级编辑讨论/@comment-26864858-20150830124557,FALSE,
2015-08-31T10:15:36,我想新增 js 頁面內容,10701,版块帖子:高级编辑讨论/@comment-26864858-20150831101536,FALSE,
2015-08-31T17:02:14,導入自制XML頁面,10713,版块帖子:高级编辑讨论/@comment-25057323-20150831170214,FALSE,
2015-09-02T16:02:57,突然想了想，所以去年说的新文章页是无疾而终了吗……,10761,版块帖子:常规讨论/@comment-7248286-20150902160257,FALSE,
2015-09-04T01:25:30,新功能搞錯設計方向了吧,10778,版块帖子:常规讨论/@comment-3516441-20150904012530,FALSE,
2015-09-04T10:40:06,足球維基申請聚光燈,10785,版块帖子:领养和提升维基/@comment-26863697-20150904104006,FALSE,
2015-09-05T14:39:29,关于Mediawiki页面被锁定,10799,版块帖子:常规讨论/@comment-24920965-20150905143929,FALSE,
2015-09-09T05:12:52,詢問infobox group的horizontal顯示問題,10830,版块帖子:高级编辑讨论/@comment-24785266-20150909051252,FALSE,
2015-09-10T06:05:54,tabview 字型大小調整,10857,版块帖子:高级编辑讨论/@comment-26864858-20150910060554,FALSE,
2015-09-10T18:27:08,驗證問題 顯示不全,10866,版块帖子:常规讨论/@comment-3516441-20150910182708,FALSE,
2015-09-17T03:21:33,"meta name=""description""",10905,版块帖子:高级编辑讨论/@comment-25057323-20150917032133,FALSE,
2015-09-17T13:50:12,不能集中編輯關注列表了？！,10909,版块帖子:维基最新功能/@comment-25510876-20150917135012,FALSE,
2015-09-19T09:08:45,首頁 無法顯示內容,10925,版块帖子:常规讨论/@comment-3516441-20150919090845,FALSE,
2015-09-19T09:26:24,求助如何删除首页的分类里面的内容,10926,版块帖子:常规讨论/@comment-26999104-20150919092624,FALSE,
2015-09-20T09:39:51,關於手機版與pc版頁面顯示、隱藏的問題,10934,版块帖子:高级编辑讨论/@comment-24785266-20150920093951,FALSE,
2015-09-20T10:54:54,怎麼在wikia-info的同一個單元格內橫向放置兩張圖片呢。。,10941,版块帖子:常规讨论/@comment-26999104-20150920105454,FALSE,
2015-09-27T13:05:11,表格內容排版問題,11007,版块帖子:高级编辑讨论/@comment-25510876-20150927130511,FALSE,
2015-09-28T18:04:23,VE缺點（新老VE皆存在此問題）,11022,版块帖子:维基最新功能/@comment-25510876-20150928180423,FALSE,
2015-09-28T18:37:08,能自定目錄顯示的層數嗎？,11023,版块帖子:高级编辑讨论/@comment-25510876-20150928183708,FALSE,
2015-09-28T20:05:17,折疊功能有BUG？,11026,版块帖子:高级编辑讨论/@comment-25510876-20150928200517,FALSE,
2015-10-01T21:14:38,;和:這兩個並不能跟#和*混合使用麼……,11096,版块帖子:常规讨论/@comment-25510876-20151001211438,FALSE,
2015-10-02T03:46:07,10月的中文全球導航欄有錯字,11109,版块帖子:常规讨论/@comment-26909519-20151002034607,FALSE,
2015-10-02T05:16:53,關於標誌模板,11111,版块帖子:维基最新功能/@comment-25993640-20151002051653,FALSE,
2015-10-03T17:26:39,剛發現論壇的兩個BUG + 論壇用的老VE老毛病,11134,版块帖子:维基最新功能/@comment-25510876-20151003172639,FALSE,
2015-10-15T17:25:22,发挥创造力，我们需要你的帮助！,11174,版块帖子:常规讨论/@comment-11909873-20151015172522,FALSE,
2015-10-20T21:32:24,10月21日Wikia系统维护,11206,版块帖子:常规讨论/@comment-11909873-20151020213224,FALSE,
2015-10-27T06:37:51,wikia上Verbatim標籤的未來,11238,版块帖子:常规讨论/@comment-56584-20151027063751,FALSE,
2015-10-29T17:22:19,經常被全域封禁誤傷問題,11250,版块帖子:常规讨论/@comment-25510876-20151029172219,FALSE,
2015-11-01T14:24:49,如何添加一個倒數計時器?,11265,版块帖子:高级编辑讨论/@comment-24182350-20151101142449,FALSE,
2015-11-03T07:46:40,介紹資訊框中的桌上電腦標籤和行動裝置圖片冊,11282,版块帖子:维基最新功能/@comment-56584-20151103074640,HansJie,
2015-11-08T00:54:13,手機版來源引述Bug,11321,版块帖子:维基最新功能/@comment-25331127-20151108005413,FALSE,
2015-11-10T06:09:38,第三方分析工具,11328,版块帖子:维基最新功能/@comment-25057323-20151110060938,Ffaarr,
2015-11-13T10:18:56,你的維基需要更多的工具嗎? (問卷調查),11338,版块帖子:常规讨论/@comment-25057323-20151113101856,FALSE,
2015-11-16T02:35:50,请问如何让自己的Wiki是CC BY-NC-SA协议？,11347,版块帖子:常规讨论/@comment-27227318-20151116023550,FALSE,
2015-11-18T01:02:59,新版訊息框的可摺疊群組,11372,版块帖子:维基最新功能/@comment-56584-20151118010259,Cal-Boy,
2015-11-18T08:14:28,將於11月18日進行維護，會暫時暫停編輯功能。,11374,版块帖子:常规讨论/@comment-56584-20151118081428,FALSE,
2015-11-19T06:00:44,common.js页面显示Custom JavaScript is disabled on this wikia.,11384,版块帖子:高级编辑讨论/@comment-26948069-20151119060044,FALSE,
2015-12-02T04:22:10,頁面標題的改變,11490,版块帖子:常规讨论/@comment-56584-20151202042210,Cal-Boy,
2015-12-04T04:11:52,Template:Navbox的問題,11506,版块帖子:高级编辑讨论/@comment-1069190-20151204041152,FALSE,
2015-12-08T11:10:25,香港網絡大典全站被鎖？,11533,版块帖子:常规讨论/@comment-29457887-20151208111025,FALSE,
2015-12-16T03:34:58,Wikiamobile介面反映,11565,版块帖子:常规讨论/@comment-25057323-20151216033458,FALSE,
2015-12-16T06:06:21,关于新版移动式信息框与旧版区别,11568,版块帖子:常规讨论/@comment-7248286-20151216060621,FALSE,
2016-01-08T08:59:35,結構式資料,11651,版块帖子:高级编辑讨论/@comment-25057323-20160108085935,Cal-Boy,
2016-01-09T05:57:46,关于Common.css的问题,11653,版块帖子:高级编辑讨论/@comment-24475915-20160109055746,FALSE,
2016-01-10T07:22:22,關於成就系統的自訂編輯軌道,11658,版块帖子:常规讨论/@comment-113574-20160110072222,FALSE,
2016-01-13T23:59:54,高級選項請求翻譯,11672,版块帖子:常规讨论/@comment-25510876-20160113235954,FALSE,
2016-01-14T11:36:06,請求Bot權限,11676,版块帖子:高级编辑讨论/@comment-24520859-20160114113606,FALSE,
2016-01-17T06:22:29,如何跨語言維基使用圖片？,11711,版块帖子:常规讨论/@comment-4222414-20160117062229,FALSE,
2016-01-24T03:13:39,模板內容裡面的換行功能,11757,版块帖子:高级编辑讨论/@comment-113574-20160124031339,FALSE,
2016-01-26T08:25:25,Lastperiod 申请聚光灯,11762,版块帖子:领养和提升维基/@comment-25339005-20160126082525,FALSE,
2016-02-05T09:32:09,關於手機版頁面的問題,11778,版块帖子:高级编辑讨论/@comment-26175093-20160205093209,FALSE,
2016-02-24T14:43:32,跑Online 維基 申請聚光燈,11854,版块帖子:领养和提升维基/@comment-4948070-20160224144332,FALSE,
2016-02-27T16:05:10,犬夜叉維基申請聚光燈,11888,版块帖子:领养和提升维基/@comment-3229139-20160227160510,FALSE,
2016-02-29T11:37:59,星界之梯 Astral Stairways Wiki 申請聚光燈,11896,版块帖子:领养和提升维基/@comment-25376901-20160229113759,FALSE,
2016-03-01T07:56:15,PSO2 Wiki申请由其他人代为领养,11901,版块帖子:领养和提升维基/@comment-7248286-20160301075615,FALSE,
2016-03-14T18:37:26,新的信息表格构建正在测试中...,11954,版块帖子:高级编辑讨论/@comment-11909873-20160314183726,FALSE,
2016-03-21T00:52:41,分類快捷編輯,11964,版块帖子:常规讨论/@comment-25510876-20160321005241,FALSE,
2016-03-24T06:37:27,關於部落格文章字體大小,11972,版块帖子:高级编辑讨论/@comment-25993640-20160324063727,FALSE,
2016-03-29T15:55:34,Wikia要如何更名？,12014,版块帖子:常规讨论/@comment-28085120-20160329155534,FALSE,
2016-04-05T21:49:36,讨论版(Discussions)功能已经在部分中文社区首先发布测试,12061,版块帖子:维基最新功能/@comment-11909873-20160405214936,Cal-Boy,
2016-04-09T16:21:45,關於維基用戶博客的預覽,12119,版块帖子:常规讨论/@comment-113574-20160409162145,FALSE,
2016-04-11T13:07:29,可否請管理員幫忙添加MediaWiki:Wikia.js語法,12143,版块帖子:高级编辑讨论/@comment-26915382-20160411130729,FALSE,
2016-04-12T08:19:38,關於当前页面链接的页面预览,12153,版块帖子:常规讨论/@comment-60.169.24.71-20160412081938,FALSE,
2016-04-12T10:49:58,关于模板Navbox的问题,12155,版块帖子:高级编辑讨论/@comment-34681638-20160412104958,FALSE,
2016-04-14T13:24:59,如何控制單行文本的行高？,12167,版块帖子:高级编辑讨论/@comment-25510876-20160414132459,FALSE,
2016-04-19T20:35:43,通知：Wikia将于美国太平洋时间4月19日23:00PM进行系统维护,12176,版块帖子:常规讨论/@comment-11909873-20160419203543,FALSE,
2016-04-23T06:52:04,关于缓存问题,12193,版块帖子:常规讨论/@comment-34681638-20160423065204,FALSE,
2016-05-11T20:36:55,封面图功能将被移除,12259,版块帖子:维基最新功能/@comment-11909873-20160511203655,Cal-Boy,
2016-05-12T03:28:27,replaceset的問題,12261,版块帖子:高级编辑讨论/@comment-1069190-20160512032827,FALSE,
2016-05-14T07:01:27,[求助]wiki百科模板移植至wikia出現問題,12265,版块帖子:常规讨论/@comment-27043899-20160514070127,FALSE,
2016-05-24T18:13:27,通知：Wikia将于明日进行系统维护,12282,版块帖子:常规讨论/@comment-11909873-20160524181327,FALSE,
2016-05-27T12:50:02,自己的行政员和管理员权限会被自己撤掉吗？,12299,版块帖子:常规讨论/@comment-27051172-20160527125002,FALSE,
2016-06-03T19:53:24,tabview連結問題,12323,版块帖子:常规讨论/@comment-25269494-20160603195324,FALSE,
2016-06-05T16:16:23,廣告頁面刪除問題,12345,版块帖子:常规讨论/@comment-25269494-20160605161623,FALSE,
2016-06-07T02:21:43,網址連結有#符號造成上方Wikia導航列顯示錯亂問題,12351,版块帖子:常规讨论/@comment-24785266-20160607022143,FALSE,
2016-07-07T13:58:51,信箱無法驗證,12413,版块帖子:常规讨论/@comment-28954984-20160707135851,FALSE,
2016-07-13T13:53:25,插入nico的影片？,12429,版块帖子:高级编辑讨论/@comment-1069190-20160713135325,FALSE,
2016-07-13T17:22:40,圖片指定大小,12434,版块帖子:常规讨论/@comment-25269494-20160713172240,FALSE,
2016-07-14T06:02:11,繁简转换问题,12439,版块帖子:常规讨论/@comment-27051172-20160714060211,FALSE,
2016-07-14T06:06:10,zh.testright.wikia.com 关闭请求,12440,版块帖子:领养和提升维基/@comment-27051172-20160714060610,FALSE,
2016-07-16T09:28:51,外部連結 開啟方式,12473,版块帖子:常规讨论/@comment-25269494-20160716092851,FALSE,
2016-07-19T03:26:11,poll中的替换引用出现问题,12478,版块帖子:高级编辑讨论/@comment-27051172-20160719032611,FALSE,
2016-07-31T13:52:47,怎麼新增成就？,12529,版块帖子:高级编辑讨论/@comment-27080412-20160731135247,FALSE,
2016-08-02T23:41:09,翻墙维基出乱了,12543,版块帖子:常规讨论/@comment-27051172-20160802234109,FALSE,
2016-08-03T05:33:51,Wikia连接不稳定,12546,版块帖子:常规讨论/@comment-27051172-20160803053351,FALSE,
2016-08-11T09:32:49,怎样把写的html页面转换成模板代码呢？,12609,版块帖子:高级编辑讨论/@comment-29581822-20160811093249,FALSE,
2016-08-13T10:34:18,怎样删去或隐藏页面的历史版本,12613,版块帖子:高级编辑讨论/@comment-27051172-20160813103418,FALSE,
2016-08-16T08:33:18,视效编辑器有问题,12628,版块帖子:常规讨论/@comment-26138688-20160816083318,FALSE,
2016-09-02T22:44:45,台北外送茶,25115,版块帖子:常规讨论/@comment-25510876-20160902224445,FALSE,
2016-09-03T04:00:41,布局是只能用wikia布局了吗？设置为monobook布局后依然显示wikia布局？,12830,版块帖子:高级编辑讨论/@comment-27051172-20160903040041,FALSE,
2016-09-10T20:56:46,更改用戶名出現錯誤訊息,12872,版块帖子:常规讨论/@comment-29950845-20160910205646,FALSE,
2016-09-17T07:17:39,http://yue.great-firewall.wikia.com/关闭请求,12893,版块帖子:领养和提升维基/@comment-25206135-20160917071739,FALSE,
2016-09-17T07:52:43,新维基,12895,版块帖子:领养和提升维基/@comment-25206135-20160917075243,FALSE,
2016-10-02T02:49:55,關於右側欄位,13000,版块帖子:高级编辑讨论/@comment-24182350-20161002024955,FALSE,
2016-10-05T06:21:59,關於MediaWiki頁面,13010,版块帖子:高级编辑讨论/@comment-26144928-20161005062159,FALSE,
2016-10-19T10:14:55,顯示繁簡字體,13087,版块帖子:常规讨论/@comment-25269494-20161019101455,FALSE,
2016-10-20T19:18:59,讨论版活动摘要,13102,版块帖子:维基最新功能/@comment-11909873-20161020191859,FALSE,
2016-10-21T09:44:13,垃圾鏈結過濾器,13104,版块帖子:常规讨论/@comment-25269494-20161021094413,FALSE,
2016-10-23T04:54:50,Wikitext shortcuts 建議修改,13109,版块帖子:高级编辑讨论/@comment-113574-20161023045450,FALSE,
2016-10-23T20:00:38,为什么一些wikia时代过来的站点显示异常？,13111,版块帖子:常规讨论/@comment-25595432-20161023200038,FALSE,
2016-10-24T20:50:52,Translation,13115,版块帖子:高级编辑讨论/@comment-24592369-20161024205052,FALSE,
2016-10-25T17:08:29,gif使用方式,13133,版块帖子:常规讨论/@comment-25269494-20161025170829,FALSE,
2016-11-19T02:20:03,社区图片和描述工具变更,13232,版块帖子:维基最新功能/@comment-11909873-20161119022003,FALSE,
2016-11-23T13:30:35,如何把一個Wiki站點轉移到另一個新的域名上？,13238,版块帖子:领养和提升维基/@comment-35486883-20161123133035,FALSE,
2016-11-27T15:48:31,表格標題凍結,13256,版块帖子:常规讨论/@comment-25269494-20161127154831,FALSE,
2016-12-22T13:12:54,界面显示异常,13369,版块帖子:高级编辑讨论/@comment-27051172-20161222131254,FALSE,
2017-01-11T10:36:25,新手編輯問題可在哪問呢？,13547,版块帖子:常规讨论/@comment-8751879-20170111103625,FALSE,
2017-01-13T08:58:15,能夠批次上傳圖片嗎?,13593,版块帖子:常规讨论/@comment-8751879-20170113085815,FALSE,
2017-01-13T23:25:43,讨论版一览表 功能即将发布,13608,版块帖子:维基最新功能/@comment-11909873-20170113232543,FALSE,
2017-01-17T11:13:48,Diep.io Wiki 申請聚光燈,13672,版块帖子:领养和提升维基/@comment-25684151-20170117111348,FALSE,
2017-01-23T02:51:19,关于译名切换,13728,版块帖子:高级编辑讨论/@comment-24475915-20170123025119,FALSE,
2017-02-08T05:40:45,關於MediaWiki:Wikia.css頁面,13851,版块帖子:高级编辑讨论/@comment-26144928-20170208054045,Laundry Machine,
2017-02-08T06:01:08,前10名列表(Top 10 lists)即將在2月14日正式退出,13852,版块帖子:维基最新功能/@comment-32098080-20170208060108,"123YA, TsukiYaksha, Cal-Boy ",
2017-03-03T15:58:32,關於編輯手機板主頁,14025,版块帖子:高级编辑讨论/@comment-26395597-20170303155832,Laundry Machine,
2017-03-29T16:11:35,我希望这两处能同步一下,14148,版块帖子:常规讨论/@comment-31136718-20170329161135,FALSE,
2017-03-30T04:06:10,關於項目編號,14151,版块帖子:常规讨论/@comment-8751879-20170330040610,FALSE,
2017-04-02T12:30:51,如果想弄出ruby的效果 需要怎么做,14162,版块帖子:常规讨论/@comment-31136718-20170402123051,FALSE,
2017-04-04T08:53:03,兩個問題,14166,版块帖子:常规讨论/@comment-31136718-20170404085303,FALSE,
2017-04-08T07:05:09,申请将我的两个维基界面更改为老版界面,14176,版块帖子:领养和提升维基/@comment-31136718-20170408070509,FALSE,
2017-04-10T17:03:33,我申請接管PSO2中文WIKIA,14186,版块帖子:领养和提升维基/@comment-25119047-20170410170333,FALSE,
2017-04-10T18:03:15,右侧栏位本周更新,14189,版块帖子:维基最新功能/@comment-11909873-20170410180315,Laundry Machine,
2017-04-12T11:12:38,怎样一次性回退WChan2013大量清空页面的行为,14193,版块帖子:常规讨论/@comment-27051172-20170412111238,FALSE,
2017-04-15T12:50:37,協助刪除行政員資格,14212,版块帖子:常规讨论/@comment-30612945-20170415125037,FALSE,
2017-04-30T07:54:53,#arraysearch問題,14296,版块帖子:高级编辑讨论/@comment-26175093-20170430075453,FALSE,
2017-04-30T13:45:02,问个问题,14297,版块帖子:常规讨论/@comment-31136718-20170430134502,FALSE,
2017-05-04T15:12:52,这一堆一模一样开头的确定不是破坏？,14320,版块帖子:常规讨论/@comment-31136718-20170504151252,"Iron7225, Cal-Boy",
2017-05-23T00:06:17,避免WIKI导航栏菜单的过多使用,14416,版块帖子:维基最新功能/@comment-11909873-20170523000617,FALSE,
2017-05-24T07:51:59,vim配置问题求教,14422,版块帖子:常规讨论/@comment-32069647-20170524075159,FALSE,
2017-05-28T14:42:02,重新創建模板問題,14483,版块帖子:高级编辑讨论/@comment-28202065-20170528144202,Iron7225,
2017-06-04T11:26:56,来自Mrsmallbee的信息,14550,版块帖子:高级编辑讨论/@comment-28202065-20170604112656,FALSE,
2017-06-06T20:19:28,问题！,14591,版块帖子:常规讨论/@comment-32222186-20170606201928,FALSE,
2017-06-06T20:26:18,一个有意思的交流~不要害怕讨论哦~,14593,版块帖子:常规讨论/@comment-32222186-20170606202618,"HansJie, Laundry Machine",
2017-06-07T05:44:15,来自Mrsmallbee的信息,14597,版块帖子:高级编辑讨论/@comment-28202065-20170607054415,FALSE,
2017-06-11T07:34:06,是否有可能讓模板中的圖片不列入縮圖,14659,版块帖子:常规讨论/@comment-113574-20170611073406,FALSE,
2017-06-18T08:33:20,请教几个关于模块的问题,14738,版块帖子:高级编辑讨论/@comment-27051172-20170618083320,FALSE,
2017-06-18T17:42:17,我有很多两个维基的困扰问题~,14743,版块帖子:高级编辑讨论/@comment-31306997-20170618174217,FALSE,
2017-06-21T14:01:13,導航編輯頁面保存按鈕問題,14777,版块帖子:常规讨论/@comment-31781744-20170621140113,FALSE,
2017-06-29T04:40:39,关于syntaxhighlight代码出现的问题,14875,版块帖子:高级编辑讨论/@comment-27051172-20170629044039,FALSE,
2017-06-29T09:08:39,权限讨论,14876,版块帖子:高级编辑讨论/@comment-25206135-20170629090839,FALSE,
2017-06-29T13:53:55,增加功能,14880,版块帖子:维基最新功能/@comment-25206135-20170629135355,FALSE,
2017-06-30T02:33:59,infobox等不能繁简转换怎么办，以及一些界面问题,14891,版块帖子:常规讨论/@comment-27051172-20170630023359,FALSE,
2017-06-30T06:33:22,关于 Medals 的问题,14900,版块帖子:常规讨论/@comment-31306997-20170630063322,FALSE,error: missing #3
2017-07-07T10:39:10,圖片審核員有甚麼額外權限，而一般用戶沒有？,15016,版块帖子:常规讨论/@comment-7008454-20170707103910,FALSE,
2017-07-19T14:44:48,办公时间,15110,版块帖子:常规讨论/@comment-25206135-20170719144448,"Laundry Machine, Iron7225",
2017-07-20T13:10:01,为什么导航框显示不了？,15116,版块帖子:常规讨论/@comment-25206135-20170720131001,FALSE,
2017-07-21T18:25:42,扩展到另一种语言,15131,版块帖子:领养和提升维基/@comment-28712089-20170721182542,FALSE,
2017-07-22T02:16:16,聊天室的终极困扰！,15135,版块帖子:常规讨论/@comment-31306997-20170722021616,FALSE,
2017-07-23T11:31:01,请管理员帮点小忙(*^_^*),15192,版块帖子:常规讨论/@comment-31136718-20170723113101,FALSE,
2017-07-24T09:49:15,大大們有喝茶的習慣嗎,15203,版块帖子:常规讨论/@comment-32669537-20170724094915,FALSE,
2017-07-24T22:35:08,FANDOM地图功能已经停止使用,15212,版块帖子:维基最新功能/@comment-11909873-20170724223508,Laundry Machine,
2017-08-02T09:48:38,辛普森一家 Wiki 申请聚光灯,15286,版块帖子:领养和提升维基/@comment-27019000-20170802094838,FALSE,
2017-08-05T16:30:46,申請復活wikia,15320,版块帖子:领养和提升维基/@comment-123899-20170805163046,FALSE,
2017-08-09T05:29:27,如何改变字体的颜色？,15341,版块帖子:常规讨论/@comment-32135936-20170809052927,FALSE,
2017-08-15T04:58:04,分类问题,15438,版块帖子:常规讨论/@comment-34681638-20170815045804,FALSE,
2017-09-16T23:37:39,歡迎工具未正常動作,15700,版块帖子:常规讨论/@comment-113574-20170916233739,FALSE,
2017-10-04T09:23:52,剩下几个维基任务怎么完成啊,15776,版块帖子:常规讨论/@comment-30764274-20171004092352,Celestia Wiki Admin,
2017-10-07T08:57:03,編輯權限,15973,版块帖子:常规讨论/@comment-27960833-20171007085703,FALSE,
2017-10-10T00:30:11,繁簡轉換相關問題,15989,版块帖子:常规讨论/@comment-113574-20171010003011,FALSE,
2017-10-13T06:32:36,如何管理自己创建的wiki呢？,16026,版块帖子:常规讨论/@comment-33341490-20171013063236,FALSE,
2017-10-19T12:43:30,这里的讨论版不能够发图片吗？,16082,版块帖子:常规讨论/@comment-33036099-20171019124330,FALSE,
2017-11-06T08:44:23,開除Kelvin430管理員一職,16238,版块帖子:常规讨论/@comment-33579273-20171106084423,FALSE,
2017-11-10T15:13:41,引用區的樣式該如何修改 CSS,16260,版块帖子:高级编辑讨论/@comment-113574-20171110151341,FALSE,
2017-11-12T06:30:36,標籤器tabber問題,16280,版块帖子:高级编辑讨论/@comment-32593740-20171112063036,FALSE,
2017-11-29T05:10:18,条目分类在页面头部的冗余显示是bug吗？如何去除它,16543,版块帖子:常规讨论/@comment-33036099-20171129051018,FALSE,
2018-01-08T10:39:22,有能够表示乐谱（简谱）的方法吗？,17055,版块帖子:常规讨论/@comment-31136718-20180108103922,FALSE,
2018-01-15T17:26:22,錯誤回報：手機介面導航欄連結錯誤,17284,版块帖子:常规讨论/@comment-113574-20180115172622,FALSE,
2018-01-16T09:22:08,全站Https了之后是不是某些被某砖混结构遮挡的wikia站点就可以通过改hosts访问了？,17288,版块帖子:维基最新功能/@comment-31136718-20180116092208,FALSE,
2018-01-17T17:25:30,zh.test.wikia.com更名请求,17330,版块帖子:常规讨论/@comment-31136718-20180117172530,FALSE,
2018-01-26T05:14:27,请求关闭 dqwyy wiki,17445,版块帖子:领养和提升维基/@comment-30808429-20180126051427,FALSE,
2018-01-27T09:14:15,資訊框文字置中問題,17473,版块帖子:常规讨论/@comment-33723461-20180127091415,FALSE,
2018-01-29T05:57:47,关于FANDOM站台URL中组成部分的翻译问题,17507,版块帖子:常规讨论/@comment-32341951-20180129055747,FALSE,
2018-02-01T16:30:13,模板編輯疑問,17527,版块帖子:高级编辑讨论/@comment-113574-20180201163013,FALSE,
2018-02-06T12:55:25,繁简转换相关问题,17563,版块帖子:常规讨论/@comment-34693136-20180206125525,FALSE,
2018-02-07T14:28:24,論壇在條目頁面底下預覽的小問題,17581,版块帖子:高级编辑讨论/@comment-113574-20180207142824,FALSE,
2018-03-01T18:56:59,每月一博文,17864,版块帖子:常规讨论/@comment-11909873-20180301185659,"HansJie, 今宵花吹雪",
2018-03-03T08:27:44,缓存问题,17906,版块帖子:常规讨论/@comment-24421734-20180303082744,FALSE,
2018-03-05T22:01:00,讨论版投票功能来这里查看,17932,版块帖子:中文预备志愿者小组/@comment-11909873-20180305220100,FALSE,
2018-03-11T08:11:03,求助：页面崩了,18040,版块帖子:常规讨论/@comment-32449616-20180311081103,FALSE,
2018-03-14T21:28:47,社区中心手机上显示的界面有更改,18129,版块帖子:中文预备志愿者小组/@comment-11909873-20180314212847,FALSE,
2018-03-15T18:48:06,讨论版的投票功能会在下周所有没有app的社区发布,18160,版块帖子:中文预备志愿者小组/@comment-11909873-20180315184806,FALSE,
2018-03-19T16:24:05,What's this???,18222,版块帖子:常规讨论/@comment-31561726-20180319162405,FALSE,
2018-03-22T22:46:44,求推荐社群,18284,版块帖子:中文预备志愿者小组/@comment-11909873-20180322224644,Laundry Machine,
2018-03-23T04:13:36,網頁的連結包含 ” 希望可以正常呈現 ” 而不是 」,18286,版块帖子:常规讨论/@comment-848066-20180323041336,FALSE,
2018-03-23T23:24:39,翻译仍然有误,18306,版块帖子:常规讨论/@comment-27051172-20180323232439,FALSE,
2018-04-04T01:45:50,CSS 問題請求協助,18376,版块帖子:高级编辑讨论/@comment-113574-20180404014550,FALSE,
2018-04-09T14:11:18,有關本人被誣蔑一事,18427,版块帖子:常规讨论/@comment-35193496-20180409141118,FALSE,
2018-04-17T06:17:30,编辑主页页面遇到的问题,18512,版块帖子:高级编辑讨论/@comment-35324345-20180417061730,FALSE,
2018-04-20T15:41:00,維基問題,18564,版块帖子:高级编辑讨论/@comment-35193952-20180420154100,FALSE,
2018-04-21T15:46:05,提案：2018年4月21日,18580,版块帖子:社区议事会/@comment-32341951-20180421154605,"机智的小鱼君, Laundry Machine",
2018-04-24T05:25:37,問一下圖片特定區域註釋的語法問題,18632,版块帖子:常规讨论/@comment-33723461-20180424052537,FALSE,
2018-04-25T09:31:03,翻譯錯誤回報討論區,18659,版块帖子:常规讨论/@comment-56584-20180425093103,FALSE,
2018-05-02T12:42:33,特殊：社區,18711,版块帖子:常规讨论/@comment-35193952-20180502124233,FALSE,
2018-05-07T09:54:00,新香港地方大典,18754,版块帖子:高级编辑讨论/@comment-27960833-20180507095400,FALSE,
2018-05-09T04:06:19,請求關閉香港地方大典,18773,版块帖子:领养和提升维基/@comment-34975457-20180509040619,FALSE,
2018-05-17T15:38:45,討論版分類如何刪除？,18876,版块帖子:高级编辑讨论/@comment-31561726-20180517153845,FALSE,
2018-05-17T16:09:40,討論版是否無法使用 WIKI 語法？,18877,版块帖子:维基最新功能/@comment-113574-20180517160940,FALSE,
2018-05-19T12:31:37,為什麼用戶欄中「我最喜歡 WIKI」不能再次新增已刪除的WIKI的？,18889,版块帖子:常规讨论/@comment-35193952-20180519123137,FALSE,
2018-05-20T05:19:34,请问怎么观看wiki成品页面上的著作权授权方式？,18890,版块帖子:常规讨论/@comment-35631647-20180520051934,FALSE,
2018-05-25T18:57:41,為什麼沒有了monobook界面,18927,版块帖子:常规讨论/@comment-1069190-20180525185741,FALSE,
2018-05-26T08:50:58,【轉官方】Monobook在FANDOM的走向,18951,版块帖子:常规讨论/@comment-26991227-20180526085058,"Cal-Boy, HansJie, JIANGHAOLIANG, 机智的小鱼君",
2018-05-26T13:08:33,FANDOM辦公時間正進行中，歡迎至聊天室進行討論。,18964,版块帖子:常规讨论/@comment-56584-20180526130833,FALSE,
2018-06-06T04:23:32,關於HIStory連續劇為主題的wiki URL 名稱,19083,版块帖子:常规讨论/@comment-35720588-20180606042332,FALSE,
2018-06-07T03:53:38,提封PM4847,19098,版块帖子:常规讨论/@comment-35193952-20180607035338,FALSE,
2018-06-10T08:30:18,隨機顯示編碼,19122,版块帖子:高级编辑讨论/@comment-35193952-20180610083018,FALSE,
2018-06-13T16:17:33,提出全域封禁KMB32H及關閉其所濫開的多個Wiki,19149,版块帖子:常规讨论/@comment-248068-20180613161733,FALSE,
2018-06-16T13:01:59,FANDOM辦公時間正進行中，歡迎至聊天室進行討論,19196,版块帖子:常规讨论/@comment-56584-20180616130159,FALSE,
2018-06-19T08:05:31,又是繁體和簡體的問題,19222,版块帖子:常规讨论/@comment-35419518-20180619080531,FALSE,
2018-06-23T16:17:26,Mercury皮肤显示bug,19280,版块帖子:常规讨论/@comment-32341951-20180623161726,FALSE,
2018-06-26T14:31:01,不知道什麼原因的問題... 關於模板,19289,版块帖子:常规讨论/@comment-113574-20180626143101,FALSE,
2018-06-29T02:28:13,undefined,19309,版块帖子:高级编辑讨论/@comment-34975457-20180629022813,FALSE,标题原文如此
2018-07-05T15:19:31,製作類似幻燈片功能,19365,版块帖子:高级编辑讨论/@comment-35995677-20180705151931,FALSE,
2018-07-07T12:59:44,FANDOM辦公時間正進行中，歡迎至聊天室進行討論,19378,版块帖子:常规讨论/@comment-56584-20180707125944,FALSE,
2018-07-10T17:32:22,全域导航更新版了解一下！,19407,版块帖子:维基最新功能/@comment-11909873-20180710173222,"今宵花吹雪, Testing from SH6188, Tennessis, 机智的小鱼君, HansJie, Laundry Machine",
2018-07-13T06:58:02,玩笑是否存在底线？玩笑没有底线但是人有底线！,19442,版块帖子:领养和提升维基/@comment-36175544-20180713065802,FALSE,
2018-07-16T22:10:25,很快又一新功能将发布，供管理员使用，猜猜看,19461,版块帖子:维基最新功能/@comment-11909873-20180716221025,Laundry Machine,
2018-07-18T09:39:42,请问一下这是什么任务,19496,版块帖子:常规讨论/@comment-24421734-20180718093942,FALSE,
2018-07-25T07:26:00,領養香港道路大典,19578,版块帖子:领养和提升维基/@comment-34975457-20180725072600,FALSE,
2018-07-28T00:09:34,这个版本的FANDOM有很多bug呢。,19603,版块帖子:常规讨论/@comment-36350627-20180728000934,FALSE,
2018-07-29T15:08:24,请问一下怎么去掉wiki面板最右边的Recent Wiki Activity（最近的维基活动）,19626,版块帖子:常规讨论/@comment-36377739-20180729150824,FALSE,
2018-08-01T03:02:58,迴圈,19653,版块帖子:常规讨论/@comment-25206135-20180801030258,FALSE,
2018-08-01T04:35:23,招收VSTF,19660,版块帖子:常规讨论/@comment-35419518-20180801043523,FALSE,
2018-08-04T04:30:07,Bug回報,19773,版块帖子:常规讨论/@comment-35193952-20180804043007,FALSE,
2018-08-05T13:59:59,多人聯合領養,19791,版块帖子:领养和提升维基/@comment-35419518-20180805135959,FALSE,
2018-08-06T03:01:48,"""@""tag通知",19795,版块帖子:常规讨论/@comment-35419518-20180806030148,Testing from SH6188,
2018-08-07T15:58:26,項目,19808,版块帖子:常规讨论/@comment-35653593-20180807155826,FALSE,
2018-08-13T06:11:34,社区中心:WAM_Log页面bug？,19861,版块帖子:常规讨论/@comment-7599283-20180813061134,FALSE,
2018-08-21T06:00:34,無理封禁,19951,版块帖子:常规讨论/@comment-35419518-20180821060034,FALSE,
2018-08-30T14:14:43,刪除RSS上的文字,20136,版块帖子:常规讨论/@comment-35419518-20180830141443,FALSE,
2018-09-09T08:18:27,AWB機器人,20218,版块帖子:高级编辑讨论/@comment-35419518-20180909081827,FALSE,
2018-10-06T07:27:32,如何重命名一个wiki,20488,版块帖子:常规讨论/@comment-37111893-20181006072732,FALSE,
2018-10-11T13:19:11,CSS问题求助,20510,版块帖子:高级编辑讨论/@comment-24421734-20181011131911,FALSE,
2018-10-23T12:55:06,轉換域名的問題,20568,版块帖子:常规讨论/@comment-113574-20181023125506,FALSE,
2018-11-02T10:36:30,編輯首頁後出現的情況,20610,版块帖子:高级编辑讨论/@comment-33723461-20181102103630,FALSE,
2018-11-11T20:58:14,Translation request,20692,版块帖子:维基最新功能/@comment-24592369-20181111205814,FALSE,
2018-11-20T08:17:13,關於訊息框多個圖片的標籤,20741,版块帖子:高级编辑讨论/@comment-33723461-20181120081713,FALSE,
2018-11-29T22:47:28,我们将会不久停止支持论坛中的突出显示讨论功能,20761,版块帖子:维基最新功能/@comment-11909873-20181129224728,Laundry Machine,
2018-12-12T19:51:15,Fandom和Curse Media两家公司将合并。,20808,版块帖子:常规讨论/@comment-11909873-20181212195115,Angrydog001,
2018-12-14T18:11:55,Fandom当前在英文社区测试一项新的功能 - Feeds,20851,版块帖子:维基最新功能/@comment-11909873-20181214181155,HansJie,
2018-12-25T07:54:41,ios手機觀看wiki 會出現抽獎廣告,20977,版块帖子:常规讨论/@comment-26111201-20181225075441,FALSE,
2019-01-03T10:31:38,如何自定义新类型勋章,20992,版块帖子:常规讨论/@comment-34210115-20190103103138,FALSE,
2019-01-11T02:07:27,用户的自定义标签,21067,版块帖子:常规讨论/@comment-34210115-20190111020727,FALSE,
2019-01-15T12:05:55,無法進入香港網路大典,21095,版块帖子:常规讨论/@comment-2165127-20190115120555,FALSE,
2019-02-04T02:44:15,關於移動域名的事情,21193,版块帖子:常规讨论/@comment-33723461-20190204024415,FALSE,
2019-02-12T04:56:19,Fandom研讨会 意見征集,21227,版块帖子:常规讨论/@comment-32341951-20190212045619,Cal-Boy,
2019-02-20T22:16:59,关于伪基百科的域名问题...,21287,版块帖子:常规讨论/@comment-38538323-20190220221659,FALSE,
2019-03-09T04:34:27,关于如何把图片高质量,21408,版块帖子:常规讨论/@comment-34210115-20190309043427,FALSE,
2019-04-21T09:30:52,我们wiki唯一的行政员不活跃了，管理员当中活跃的也只剩英文only的了（来自habitica中文wiki）,21816,版块帖子:领养和提升维基/@comment-38574957-20190421093052,FALSE,
2019-05-29T02:45:48,關於Infobox的設置,22030,版块帖子:高级编辑讨论/@comment-33723461-20190529024548,FALSE,
2019-06-12T15:23:05,請問目前是否有開放申請「自訂命名空間」,22154,版块帖子:常规讨论/@comment-113574-20190612152305,FALSE,
2019-06-19T09:28:04,搜尋不到自己的wiki,22187,版块帖子:常规讨论/@comment-34836278-20190619092804,FALSE,
2019-07-30T13:37:34,超連結 http疑問,22358,版块帖子:常规讨论/@comment-25269494-20190730133734,FALSE,
2019-08-10T10:11:55,關於維基的幾個問題,22402,版块帖子:常规讨论/@comment-37118995-20190810101155,DUOAmarceck,
2019-11-13T07:36:24,您好 我想看之前的流量數據,22760,版块帖子:编辑者提问求助区/@comment-39732538-20191113073624,FALSE,
2019-11-22T15:25:30,模板循環,22852,版块帖子:高级编辑讨论/@comment-24182350-20191122152530,FALSE,
2019-12-24T06:26:29,請問表格能做到次要排序嗎?,22982,版块帖子:常规讨论/@comment-25694659-20191224062629,FALSE,
2020-01-11T16:08:06,關於使用英文網站圖片一事,23134,版块帖子:常规讨论/@comment-33723461-20200111160806,FALSE,
2020-01-29T12:14:42,关于领养wiki的问题,23178,版块帖子:领养和提升维基/@comment-4208152-20200129121442,FALSE,
2020-02-24T13:02:03,【版權提問】,23255,版块帖子:编辑者提问求助区/@comment-44807895-20200224130203,FALSE,
2020-02-26T00:20:32,请问应怎样向信息框中添加图片,23277,版块帖子:编辑者提问求助区/@comment-37750573-20200226002032,FALSE,
2020-03-15T05:16:51,png檔案上傳後鏤空顯示異常,23486,版块帖子:编辑者提问求助区/@comment-34272710-20200315051651,FALSE,
2020-03-24T08:14:25,求助：有编辑者针对Wiki进行破坏怎么办？如何保护？,23535,版块帖子:编辑者提问求助区/@comment-39386660-20200324081425,FALSE,
2020-04-05T09:54:06,请问怎么做到将页面变为黑白？,23631,版块帖子:常规讨论/@comment-39386660-20200405095406,FALSE,
2020-04-06T23:24:10,请问如何制作跨社区重定向,23635,版块帖子:常规讨论/@comment-32449616-20200406232410,FALSE,
2020-04-10T08:56:54,求助：请问首页的导航栏怎么添加主页按钮,23657,版块帖子:编辑者提问求助区/@comment-45425235-20200410085654,FALSE,
2020-04-21T08:31:36,信息栏编辑器字体颜色和背景颜色一样看不到字咋办,23705,版块帖子:常规讨论/@comment-45416428-20200421083136,FALSE,
2020-04-22T03:58:19,在維基導入cite news模板後，出現了腳本錯誤,23710,版块帖子:编辑者提问求助区/@comment-1069190-20200422035819,FALSE,
2020-06-19T07:13:19,某个页面明明是一般的页面为何分类里会显示“模板？”,23978,版块帖子:常规讨论/@comment-36220425-20200619071319,FALSE,
2020-06-22T03:44:46,想詢問關於結構式資料裡的相關問題,23986,版块帖子:常规讨论/@comment-27013554-20200622034446,FALSE,
2020-07-16T22:51:40,請問信息框不同行間沒有間隔是怎麼回事？,24076,版块帖子:编辑者提问求助区/@comment-35553335-20200716225140,FALSE,
2020-08-10T16:30:27,希望修改維基名稱,24211,版块帖子:领养和提升维基/@comment-113574-20200810163027,FALSE,
2020-08-20T16:52:04,有沒有辦法將維基動態頁面恢復？,24252,版块帖子:常规讨论/@comment-25684151-20200820165204,FALSE,
2020-08-21T06:48:43,如何更改幻燈片的最大寬度,24254,版块帖子:编辑者提问求助区/@comment-37118995-20200821064843,DUOAmarceck,
2020-08-21T10:45:29,关于Category页面的預覽模式,24264,版块帖子:常规讨论/@comment-37118995-20200821104529,DUOAmarceck,
2020-08-23T04:29:20,Wiki-navigation 的問題,24279,版块帖子:常规讨论/@comment-960889-20200823042920,FALSE,
2020-09-07T13:14:59,tabview功能會修復嗎？,24392,版块帖子:编辑者提问求助区/@comment-27013582-20200907131459,FALSE,
2020-10-05T15:16:26,該如何將有等號的文字放進模板?,24589,版块帖子:高级编辑讨论/@comment-25694659-20201005151626,FALSE,
2020-10-22T05:53:40,啟用JS,25108,版块帖子:高级编辑讨论/@comment-24517248-20201022055340,FALSE,
2020-11-17T13:34:48,評論無法新增圖片,25234,版块帖子:常规讨论/@comment-25269494-20201117133448,FALSE,
2020-12-04T06:51:15,資訊框模板標題,25283,版块帖子:常规讨论/@comment-47176546-20201204065115,FALSE,
2020-12-06T00:07:58,修改刪除線的 CSS,25290,版块帖子:高级编辑讨论/@comment-113574-20201206000758,FALSE,
2020-12-20T18:15:37,兩個論壇,25359,版块帖子:常规讨论/@comment-113574-20201220181537,FALSE,
2020-12-20T18:17:54,新版維基用戶博客帖子問題,25360,版块帖子:常规讨论/@comment-113574-20201220181754,FALSE,
2020-12-22T12:26:35,怎么去除{{NUMBEROFARTICLES}}中的逗号？,25370,版块帖子:高级编辑讨论/@comment-27853347-20201222122635,FALSE,
2021-01-06T13:12:18,資訊框排版問題,25396,版块帖子:常规讨论/@comment-33723461-20210106131218,FALSE,
2021-01-10T09:22:37,請問沒有辦法使用黑幕模板嗎?,25412,版块帖子:编辑者提问求助区/@comment-39231298-20210110092237,FALSE,
2021-01-15T12:14:42,"表格並未依設定呈現, 但是找不出來哪裡錯誤",25446,版块帖子:高级编辑讨论/@comment-25694659-20210115121442,FALSE,
2021-01-20T03:03:12,西游记维基申请聚光灯,25465,版块帖子:领养和提升维基/@comment-39249826-20210120030312,FALSE,
